{"products":[{"id":"0.2761817573691936","qty":1}],"totalPrice":19.990000000000002}